residence_hall,day,time,raw,norm,score
3rd and Union,all,00:00:00,22,-0.376824876,
3rd and Union,all,00:30:00,23,-0.248485969,
3rd and Union,all,01:00:00,22,-0.376824876,
3rd and Union,all,01:30:00,18,-0.890180504,
3rd and Union,all,02:00:00,17,-1.018519411,
3rd and Union,all,02:30:00,16,-1.146858318,
3rd and Union,all,03:00:00,16,-1.146858318,
3rd and Union,all,03:30:00,16,-1.146858318,
3rd and Union,all,04:30:00,14,-1.403536132,
3rd and Union,all,05:00:00,14,-1.403536132,
3rd and Union,all,05:30:00,14,-1.403536132,
3rd and Union,all,06:00:00,14,-1.403536132,
3rd and Union,all,06:30:00,14,-1.403536132,
3rd and Union,all,07:00:00,14,-1.403536132,
3rd and Union,all,07:30:00,17,-1.018519411,
3rd and Union,all,08:00:00,20,-0.63350269,
3rd and Union,all,08:30:00,25,0.008191845,
3rd and Union,all,09:00:00,15,-1.275197225,
3rd and Union,all,09:30:00,25,0.008191845,
3rd and Union,all,10:00:00,25,0.008191845,
3rd and Union,all,10:30:00,26,0.136530752,
3rd and Union,all,11:00:00,23,-0.248485969,
3rd and Union,all,11:30:00,20,-0.63350269,
3rd and Union,all,12:00:00,23,-0.248485969,
3rd and Union,all,12:30:00,25,0.008191845,
3rd and Union,all,13:00:00,30,0.64988638,
3rd and Union,all,13:30:00,26,0.136530752,
3rd and Union,all,14:00:00,33,1.034903101,
3rd and Union,all,14:30:00,38,1.676597636,
3rd and Union,all,15:00:00,26,0.136530752,
3rd and Union,all,15:30:00,30,0.64988638,
3rd and Union,all,16:00:00,24,-0.120147062,
3rd and Union,all,16:30:00,26,0.136530752,
3rd and Union,all,17:00:00,25,0.008191845,
3rd and Union,all,17:30:00,27,0.264869659,
3rd and Union,all,18:00:00,38,1.676597636,
3rd and Union,all,18:30:00,36,1.419919822,
3rd and Union,all,19:00:00,35,1.291580915,
3rd and Union,all,19:30:00,34,1.163242008,
3rd and Union,all,20:00:00,42,2.189953264,
3rd and Union,all,20:30:00,37,1.548258729,
3rd and Union,all,21:00:00,30,0.64988638,
3rd and Union,all,21:30:00,31,0.778225287,
3rd and Union,all,22:00:00,36,1.419919822,
3rd and Union,all,22:30:00,31,0.778225287,
3rd and Union,all,23:00:00,32,0.906564194,
3rd and Union,all,23:30:00,27,0.264869659,
Ashton,all,00:00:00,140,0.158095095,
Ashton,all,00:30:00,122,-0.164968795,
Ashton,all,01:00:00,109,-0.398292715,
Ashton,all,01:30:00,90,-0.739304598,
Ashton,all,02:00:00,88,-0.775200586,
Ashton,all,02:30:00,81,-0.900836543,
Ashton,all,03:00:00,73,-1.044420493,
Ashton,all,03:30:00,65,-1.188004444,
Ashton,all,04:30:00,58,-1.313640401,
Ashton,all,05:00:00,60,-1.277744414,
Ashton,all,05:30:00,57,-1.331588395,
Ashton,all,06:00:00,49,-1.475172346,
Ashton,all,06:30:00,46,-1.529016328,
Ashton,all,07:00:00,53,-1.403380371,
Ashton,all,07:30:00,54,-1.385432377,
Ashton,all,08:00:00,49,-1.475172346,
Ashton,all,08:30:00,52,-1.421328364,
Ashton,all,09:00:00,58,-1.313640401,
Ashton,all,09:30:00,65,-1.188004444,
Ashton,all,10:00:00,92,-0.70340861,
Ashton,all,10:30:00,122,-0.164968795,
Ashton,all,11:00:00,139,0.140147101,
Ashton,all,11:30:00,155,0.427315003,
Ashton,all,12:00:00,173,0.750378892,
Ashton,all,12:30:00,186,0.983702812,
Ashton,all,13:00:00,193,1.109338769,
Ashton,all,13:30:00,188,1.0195988,
Ashton,all,14:00:00,179,0.858066855,
Ashton,all,14:30:00,191,1.073442781,
Ashton,all,15:00:00,203,1.288818708,
Ashton,all,15:30:00,189,1.037546794,
Ashton,all,16:00:00,194,1.127286763,
Ashton,all,16:30:00,200,1.234974726,
Ashton,all,17:00:00,209,1.396506671,
Ashton,all,17:30:00,203,1.288818708,
Ashton,all,18:00:00,170,0.69653491,
Ashton,all,18:30:00,162,0.55295096,
Ashton,all,19:00:00,152,0.373471021,
Ashton,all,19:30:00,155,0.427315003,
Ashton,all,20:00:00,168,0.660638923,
Ashton,all,20:30:00,178,0.840118861,
Ashton,all,21:00:00,179,0.858066855,
Ashton,all,21:30:00,184,0.947806824,
Ashton,all,22:00:00,168,0.660638923,
Ashton,all,22:30:00,156,0.445262996,
Ashton,all,23:00:00,161,0.535002966,
Ashton,all,23:30:00,148,0.301679046,
BBHN,all,00:00:00,39,0.096461209,
BBHN,all,00:30:00,35,-0.407280658,
BBHN,all,01:00:00,31,-0.911022525,
BBHN,all,01:30:00,28,-1.288828926,
BBHN,all,02:00:00,31,-0.911022525,
BBHN,all,02:30:00,31,-0.911022525,
BBHN,all,03:00:00,31,-0.911022525,
BBHN,all,03:30:00,31,-0.911022525,
BBHN,all,04:30:00,29,-1.162893459,
BBHN,all,05:00:00,28,-1.288828926,
BBHN,all,05:30:00,28,-1.288828926,
BBHN,all,06:00:00,27,-1.414764392,
BBHN,all,06:30:00,27,-1.414764392,
BBHN,all,07:00:00,28,-1.288828926,
BBHN,all,07:30:00,28,-1.288828926,
BBHN,all,08:00:00,27,-1.414764392,
BBHN,all,08:30:00,29,-1.162893459,
BBHN,all,09:00:00,30,-1.036957992,
BBHN,all,09:30:00,33,-0.659151592,
BBHN,all,10:00:00,37,-0.155409725,
BBHN,all,10:30:00,42,0.474267609,
BBHN,all,11:00:00,50,1.481751343,
BBHN,all,11:30:00,46,0.978009476,
BBHN,all,12:00:00,47,1.103944943,
BBHN,all,12:30:00,42,0.474267609,
BBHN,all,13:00:00,42,0.474267609,
BBHN,all,13:30:00,48,1.229880409,
BBHN,all,14:00:00,43,0.600203076,
BBHN,all,14:30:00,45,0.852074009,
BBHN,all,15:00:00,54,1.98549321,
BBHN,all,15:30:00,56,2.237364143,
BBHN,all,16:00:00,48,1.229880409,
BBHN,all,16:30:00,46,0.978009476,
BBHN,all,17:00:00,45,0.852074009,
BBHN,all,17:30:00,47,1.103944943,
BBHN,all,18:00:00,42,0.474267609,
BBHN,all,18:30:00,45,0.852074009,
BBHN,all,19:00:00,40,0.222396675,
BBHN,all,19:30:00,39,0.096461209,
BBHN,all,20:00:00,44,0.726138542,
BBHN,all,20:30:00,41,0.348332142,
BBHN,all,21:00:00,39,0.096461209,
BBHN,all,21:30:00,41,0.348332142,
BBHN,all,22:00:00,41,0.348332142,
BBHN,all,22:30:00,41,0.348332142,
BBHN,all,23:00:00,36,-0.281345192,
BBHN,all,23:30:00,39,0.096461209,
Briscoe,all,00:00:00,191,-0.153340449,
Briscoe,all,00:30:00,160,-0.462782326,
Briscoe,all,01:00:00,126,-0.80217019,
Briscoe,all,01:30:00,117,-0.892008154,
Briscoe,all,02:00:00,99,-1.071684082,
Briscoe,all,02:30:00,96,-1.10163007,
Briscoe,all,03:00:00,82,-1.241378014,
Briscoe,all,03:30:00,69,-1.371143963,
Briscoe,all,04:30:00,73,-1.331215978,
Briscoe,all,05:00:00,69,-1.371143963,
Briscoe,all,05:30:00,73,-1.331215978,
Briscoe,all,06:00:00,73,-1.331215978,
Briscoe,all,06:30:00,73,-1.331215978,
Briscoe,all,07:00:00,77,-1.291287994,
Briscoe,all,07:30:00,87,-1.191468034,
Briscoe,all,08:00:00,101,-1.05172009,
Briscoe,all,08:30:00,109,-0.971864122,
Briscoe,all,09:00:00,109,-0.971864122,
Briscoe,all,09:30:00,119,-0.872044162,
Briscoe,all,10:00:00,117,-0.892008154,
Briscoe,all,10:30:00,157,-0.492728314,
Briscoe,all,11:00:00,186,-0.203250429,
Briscoe,all,11:30:00,220,0.136137435,
Briscoe,all,12:00:00,254,0.475525299,
Briscoe,all,12:30:00,270,0.635237235,
Briscoe,all,13:00:00,276,0.695129211,
Briscoe,all,13:30:00,281,0.745039192,
Briscoe,all,14:00:00,276,0.695129211,
Briscoe,all,14:30:00,287,0.804931168,
Briscoe,all,15:00:00,319,1.12435504,
Briscoe,all,15:30:00,313,1.064463064,
Briscoe,all,16:00:00,327,1.204211008,
Briscoe,all,16:30:00,356,1.493688892,
Briscoe,all,17:00:00,345,1.383886936,
Briscoe,all,17:30:00,328,1.214193004,
Briscoe,all,18:00:00,303,0.964643104,
Briscoe,all,18:30:00,318,1.114373044,
Briscoe,all,19:00:00,282,0.755021188,
Briscoe,all,19:30:00,272,0.655201227,
Briscoe,all,20:00:00,290,0.834877156,
Briscoe,all,20:30:00,295,0.884787136,
Briscoe,all,21:00:00,315,1.084427056,
Briscoe,all,21:30:00,317,1.104391048,
Briscoe,all,22:00:00,292,0.854841148,
Briscoe,all,22:30:00,316,1.094409052,
Briscoe,all,23:00:00,268,0.615273243,
Briscoe,all,23:30:00,216,0.096209451,
Campus View,all,00:00:00,136,0.761764118,
Campus View,all,00:30:00,119,0.322939655,
Campus View,all,01:00:00,110,0.090620822,
Campus View,all,01:30:00,88,-0.47726966,
Campus View,all,02:00:00,74,-0.838654512,
Campus View,all,02:30:00,63,-1.122599753,
Campus View,all,03:00:00,63,-1.122599753,
Campus View,all,03:30:00,63,-1.122599753,
Campus View,all,04:30:00,51,-1.432358198,
Campus View,all,05:00:00,49,-1.483984605,
Campus View,all,05:30:00,49,-1.483984605,
Campus View,all,06:00:00,48,-1.509797809,
Campus View,all,06:30:00,49,-1.483984605,
Campus View,all,07:00:00,54,-1.354918587,
Campus View,all,07:30:00,64,-1.09678655,
Campus View,all,08:00:00,79,-0.709588494,
Campus View,all,08:30:00,68,-0.993533735,
Campus View,all,09:00:00,62,-1.148412957,
Campus View,all,09:30:00,69,-0.967720531,
Campus View,all,10:00:00,73,-0.864467716,
Campus View,all,10:30:00,78,-0.735401697,
Campus View,all,11:00:00,88,-0.47726966,
Campus View,all,11:30:00,117,0.271313248,
Campus View,all,12:00:00,120,0.348752859,
Campus View,all,12:30:00,118,0.297126451,
Campus View,all,13:00:00,101,-0.141698012,
Campus View,all,13:30:00,110,0.090620822,
Campus View,all,14:00:00,111,0.116434025,
Campus View,all,14:30:00,108,0.038994414,
Campus View,all,15:00:00,129,0.581071692,
Campus View,all,15:30:00,124,0.452005674,
Campus View,all,16:00:00,126,0.503632081,
Campus View,all,16:30:00,140,0.865016933,
Campus View,all,17:00:00,134,0.710137711,
Campus View,all,17:30:00,121,0.374566062,
Campus View,all,18:00:00,145,0.994082952,
Campus View,all,18:30:00,145,0.994082952,
Campus View,all,19:00:00,142,0.916643341,
Campus View,all,19:30:00,141,0.890830137,
Campus View,all,20:00:00,152,1.174775378,
Campus View,all,20:30:00,163,1.458720619,
Campus View,all,21:00:00,171,1.665226248,
Campus View,all,21:30:00,160,1.381281008,
Campus View,all,22:00:00,167,1.561973434,
Campus View,all,22:30:00,154,1.226401785,
Campus View,all,23:00:00,159,1.355467804,
Campus View,all,23:30:00,150,1.12314897,
Collins,all,00:00:00,73,-0.272234318,
Collins,all,00:30:00,61,-0.547889894,
Collins,all,01:00:00,56,-0.662746383,
Collins,all,01:30:00,49,-0.823545469,
Collins,all,02:00:00,45,-0.915430661,
Collins,all,02:30:00,37,-1.099201044,
Collins,all,03:00:00,29,-1.282971428,
Collins,all,03:30:00,27,-1.328914024,
Collins,all,04:30:00,25,-1.374856619,
Collins,all,05:00:00,25,-1.374856619,
Collins,all,05:30:00,25,-1.374856619,
Collins,all,06:00:00,24,-1.397827917,
Collins,all,06:30:00,27,-1.328914024,
Collins,all,07:00:00,28,-1.305942726,
Collins,all,07:30:00,26,-1.351885322,
Collins,all,08:00:00,32,-1.214057534,
Collins,all,08:30:00,39,-1.053258448,
Collins,all,09:00:00,41,-1.007315852,
Collins,all,09:30:00,57,-0.639775085,
Collins,all,10:00:00,65,-0.456004702,
Collins,all,10:30:00,73,-0.272234318,
Collins,all,11:00:00,80,-0.111435233,
Collins,all,11:30:00,107,0.508789812,
Collins,all,12:00:00,117,0.738502791,
Collins,all,12:30:00,117,0.738502791,
Collins,all,13:00:00,128,0.991187069,
Collins,all,13:30:00,149,1.473584326,
Collins,all,14:00:00,142,1.31278524,
Collins,all,14:30:00,137,1.19792875,
Collins,all,15:00:00,145,1.381699134,
Collins,all,15:30:00,140,1.266842644,
Collins,all,16:00:00,132,1.08307226,
Collins,all,16:30:00,142,1.31278524,
Collins,all,17:00:00,132,1.08307226,
Collins,all,17:30:00,122,0.853359281,
Collins,all,18:00:00,132,1.08307226,
Collins,all,18:30:00,127,0.968215771,
Collins,all,19:00:00,120,0.807416685,
Collins,all,19:30:00,112,0.623646302,
Collins,all,20:00:00,125,0.922273175,
Collins,all,20:30:00,125,0.922273175,
Collins,all,21:00:00,114,0.669588898,
Collins,all,21:30:00,110,0.577703706,
Collins,all,22:00:00,101,0.370962024,
Collins,all,22:30:00,97,0.279076832,
Collins,all,23:00:00,86,0.026392555,
Collins,all,23:30:00,85,0.003421257,
Eigenmann,all,00:00:00,250,-0.175069832,
Eigenmann,all,00:30:00,237,-0.294187502,
Eigenmann,all,01:00:00,193,-0.697354999,
Eigenmann,all,01:30:00,172,-0.88977585,
Eigenmann,all,02:00:00,152,-1.073033803,
Eigenmann,all,02:30:00,133,-1.247128858,
Eigenmann,all,03:00:00,135,-1.228803063,
Eigenmann,all,03:30:00,130,-1.274617551,
Eigenmann,all,04:30:00,118,-1.384572323,
Eigenmann,all,05:00:00,110,-1.457875505,
Eigenmann,all,05:30:00,108,-1.4762013,
Eigenmann,all,06:00:00,105,-1.503689993,
Eigenmann,all,06:30:00,102,-1.531178686,
Eigenmann,all,07:00:00,122,-1.347920733,
Eigenmann,all,07:30:00,124,-1.329594937,
Eigenmann,all,08:00:00,131,-1.265454654,
Eigenmann,all,08:30:00,137,-1.210477268,
Eigenmann,all,09:00:00,162,-0.981404826,
Eigenmann,all,09:30:00,192,-0.706517896,
Eigenmann,all,10:00:00,219,-0.459119659,
Eigenmann,all,10:30:00,273,0.035676814,
Eigenmann,all,11:00:00,326,0.52131039,
Eigenmann,all,11:30:00,369,0.91531499,
Eigenmann,all,12:00:00,375,0.970292376,
Eigenmann,all,12:30:00,354,0.777871525,
Eigenmann,all,13:00:00,378,0.997781069,
Eigenmann,all,13:30:00,368,0.906152092,
Eigenmann,all,14:00:00,389,1.098572943,
Eigenmann,all,14:30:00,384,1.052758455,
Eigenmann,all,15:00:00,387,1.080247148,
Eigenmann,all,15:30:00,388,1.089410045,
Eigenmann,all,16:00:00,386,1.07108425,
Eigenmann,all,16:30:00,386,1.07108425,
Eigenmann,all,17:00:00,391,1.116898738,
Eigenmann,all,17:30:00,384,1.052758455,
Eigenmann,all,18:00:00,358,0.814523116,
Eigenmann,all,18:30:00,368,0.906152092,
Eigenmann,all,19:00:00,346,0.704568344,
Eigenmann,all,19:30:00,327,0.530473288,
Eigenmann,all,20:00:00,361,0.842011809,
Eigenmann,all,20:30:00,356,0.79619732,
Eigenmann,all,21:00:00,356,0.79619732,
Eigenmann,all,21:30:00,353,0.768708627,
Eigenmann,all,22:00:00,345,0.695405446,
Eigenmann,all,22:30:00,336,0.612939367,
Eigenmann,all,23:00:00,308,0.356378232,
Eigenmann,all,23:30:00,264,-0.046789265,
Evermann,all,00:00:00,83,-0.229859036,
Evermann,all,00:30:00,84,-0.186817703,
Evermann,all,01:00:00,74,-0.617231038,
Evermann,all,01:30:00,73,-0.660272372,
Evermann,all,02:00:00,65,-1.00460304,
Evermann,all,02:30:00,57,-1.348933708,
Evermann,all,03:00:00,53,-1.521099042,
Evermann,all,03:30:00,53,-1.521099042,
Evermann,all,04:30:00,51,-1.607181709,
Evermann,all,05:00:00,51,-1.607181709,
Evermann,all,05:30:00,50,-1.650223042,
Evermann,all,06:00:00,49,-1.693264376,
Evermann,all,06:30:00,49,-1.693264376,
Evermann,all,07:00:00,66,-0.961561706,
Evermann,all,07:30:00,71,-0.746355039,
Evermann,all,08:00:00,67,-0.918520373,
Evermann,all,08:30:00,69,-0.832437706,
Evermann,all,09:00:00,72,-0.703313705,
Evermann,all,09:30:00,82,-0.27290037,
Evermann,all,10:00:00,90,0.071430298,
Evermann,all,10:30:00,91,0.114471632,
Evermann,all,11:00:00,99,0.4588023,
Evermann,all,11:30:00,99,0.4588023,
Evermann,all,12:00:00,98,0.415760966,
Evermann,all,12:30:00,98,0.415760966,
Evermann,all,13:00:00,99,0.4588023,
Evermann,all,13:30:00,97,0.372719633,
Evermann,all,14:00:00,100,0.501843633,
Evermann,all,14:30:00,107,0.803132968,
Evermann,all,15:00:00,110,0.932256968,
Evermann,all,15:30:00,100,0.501843633,
Evermann,all,16:00:00,109,0.889215635,
Evermann,all,16:30:00,102,0.5879263,
Evermann,all,17:00:00,102,0.5879263,
Evermann,all,17:30:00,119,1.31962897,
Evermann,all,18:00:00,129,1.750042305,
Evermann,all,18:30:00,118,1.276587637,
Evermann,all,19:00:00,117,1.233546303,
Evermann,all,19:30:00,110,0.932256968,
Evermann,all,20:00:00,113,1.061380969,
Evermann,all,20:30:00,114,1.104422303,
Evermann,all,21:00:00,123,1.491794304,
Evermann,all,21:30:00,119,1.31962897,
Evermann,all,22:00:00,106,0.760091634,
Evermann,all,22:30:00,92,0.157512965,
Evermann,all,23:00:00,89,0.028388965,
Evermann,all,23:30:00,83,-0.229859036,
Forest,all,00:00:00,240,0.014145313,
Forest,all,00:30:00,208,-0.277286894,
Forest,all,01:00:00,184,-0.495861049,
Forest,all,01:30:00,167,-0.650684409,
Forest,all,02:00:00,142,-0.878365821,
Forest,all,02:30:00,123,-1.051403694,
Forest,all,03:00:00,100,-1.260870593,
Forest,all,03:30:00,93,-1.324621388,
Forest,all,04:30:00,87,-1.379264927,
Forest,all,05:00:00,83,-1.415693953,
Forest,all,05:30:00,82,-1.424801209,
Forest,all,06:00:00,77,-1.470337492,
Forest,all,06:30:00,79,-1.452122979,
Forest,all,07:00:00,88,-1.37015767,
Forest,all,07:30:00,91,-1.342835901,
Forest,all,08:00:00,91,-1.342835901,
Forest,all,08:30:00,97,-1.288192362,
Forest,all,09:00:00,108,-1.188012541,
Forest,all,09:30:00,142,-0.878365821,
Forest,all,10:00:00,180,-0.532290075,
Forest,all,10:30:00,235,-0.031390969,
Forest,all,11:00:00,265,0.241826725,
Forest,all,11:30:00,314,0.688082292,
Forest,all,12:00:00,317,0.715404062,
Forest,all,12:30:00,336,0.888441935,
Forest,all,13:00:00,329,0.824691139,
Forest,all,13:30:00,344,0.961299986,
Forest,all,14:00:00,346,0.979514499,
Forest,all,14:30:00,343,0.95219273,
Forest,all,15:00:00,384,1.325590245,
Forest,all,15:30:00,374,1.23451768,
Forest,all,16:00:00,395,1.425770066,
Forest,all,16:30:00,386,1.343804758,
Forest,all,17:00:00,381,1.298268476,
Forest,all,17:30:00,368,1.179874142,
Forest,all,18:00:00,355,1.061479807,
Forest,all,18:30:00,332,0.852012909,
Forest,all,19:00:00,279,0.369328316,
Forest,all,19:30:00,269,0.278255751,
Forest,all,20:00:00,310,0.651653266,
Forest,all,20:30:00,319,0.733618575,
Forest,all,21:00:00,317,0.715404062,
Forest,all,21:30:00,306,0.61522424,
Forest,all,22:00:00,303,0.587902471,
Forest,all,22:30:00,293,0.496829906,
Forest,all,23:00:00,280,0.378435572,
Forest,all,23:30:00,265,0.241826725,
Read,all,00:00:00,175,-0.349499668,
Read,all,00:30:00,134,-0.722415426,
Read,all,01:00:00,129,-0.767892957,
Read,all,01:30:00,99,-1.040758146,
Read,all,02:00:00,95,-1.077140172,
Read,all,02:30:00,87,-1.149904222,
Read,all,03:00:00,79,-1.222668272,
Read,all,03:30:00,73,-1.27724131,
Read,all,04:30:00,69,-1.313623335,
Read,all,05:00:00,65,-1.350005361,
Read,all,05:30:00,64,-1.359100867,
Read,all,06:00:00,62,-1.377291879,
Read,all,06:30:00,62,-1.377291879,
Read,all,07:00:00,63,-1.368196373,
Read,all,07:30:00,72,-1.286336816,
Read,all,08:00:00,83,-1.186286247,
Read,all,08:30:00,104,-0.995280615,
Read,all,09:00:00,111,-0.931612071,
Read,all,09:30:00,122,-0.831561501,
Read,all,10:00:00,164,-0.449550237,
Read,all,10:30:00,208,-0.04934796,
Read,all,11:00:00,248,0.314472292,
Read,all,11:30:00,259,0.414522862,
Read,all,12:00:00,287,0.669197038,
Read,all,12:30:00,295,0.741961088,
Read,all,13:00:00,323,0.996635265,
Read,all,13:30:00,333,1.087590328,
Read,all,14:00:00,348,1.224022922,
Read,all,14:30:00,331,1.069399315,
Read,all,15:00:00,349,1.233118428,
Read,all,15:30:00,339,1.142163365,
Read,all,16:00:00,339,1.142163365,
Read,all,16:30:00,341,1.160354378,
Read,all,17:00:00,354,1.27859596,
Read,all,17:30:00,337,1.123972353,
Read,all,18:00:00,333,1.087590328,
Read,all,18:30:00,333,1.087590328,
Read,all,19:00:00,286,0.660101532,
Read,all,19:30:00,286,0.660101532,
Read,all,20:00:00,290,0.696483557,
Read,all,20:30:00,317,0.942062227,
Read,all,21:00:00,317,0.942062227,
Read,all,21:30:00,293,0.723770076,
Read,all,22:00:00,286,0.660101532,
Read,all,22:30:00,269,0.505477925,
Read,all,23:00:00,220,0.059798116,
Read,all,23:30:00,198,-0.140303023,
Redbud,all,00:00:00,41,0.055537872,
Redbud,all,00:30:00,32,-0.546834434,
Redbud,all,01:00:00,26,-0.948415971,
Redbud,all,01:30:00,26,-0.948415971,
Redbud,all,02:00:00,22,-1.216136996,
Redbud,all,02:30:00,21,-1.283067252,
Redbud,all,03:00:00,19,-1.416927765,
Redbud,all,03:30:00,19,-1.416927765,
Redbud,all,04:30:00,19,-1.416927765,
Redbud,all,05:00:00,19,-1.416927765,
Redbud,all,05:30:00,21,-1.283067252,
Redbud,all,06:00:00,19,-1.416927765,
Redbud,all,06:30:00,19,-1.416927765,
Redbud,all,07:00:00,20,-1.349997508,
Redbud,all,07:30:00,22,-1.216136996,
Redbud,all,08:00:00,22,-1.216136996,
Redbud,all,08:30:00,29,-0.747625202,
Redbud,all,09:00:00,25,-1.015346227,
Redbud,all,09:30:00,33,-0.479904178,
Redbud,all,10:00:00,42,0.122468128,
Redbud,all,10:30:00,49,0.590979922,
Redbud,all,11:00:00,53,0.858700947,
Redbud,all,11:30:00,49,0.590979922,
Redbud,all,12:00:00,50,0.657910178,
Redbud,all,12:30:00,46,0.390189153,
Redbud,all,13:00:00,56,1.059491715,
Redbud,all,13:30:00,57,1.126421972,
Redbud,all,14:00:00,67,1.795724534,
Redbud,all,14:30:00,58,1.193352228,
Redbud,all,15:00:00,52,0.791770691,
Redbud,all,15:30:00,53,0.858700947,
Redbud,all,16:00:00,45,0.323258897,
Redbud,all,16:30:00,53,0.858700947,
Redbud,all,17:00:00,49,0.590979922,
Redbud,all,17:30:00,52,0.791770691,
Redbud,all,18:00:00,52,0.791770691,
Redbud,all,18:30:00,44,0.256328641,
Redbud,all,19:00:00,44,0.256328641,
Redbud,all,19:30:00,41,0.055537872,
Redbud,all,20:00:00,49,0.590979922,
Redbud,all,20:30:00,55,0.992561459,
Redbud,all,21:00:00,66,1.728794278,
Redbud,all,21:30:00,54,0.925631203,
Redbud,all,22:00:00,60,1.32721274,
Redbud,all,22:30:00,48,0.524049666,
Redbud,all,23:00:00,47,0.45711941,
Redbud,all,23:30:00,43,0.189398385,
Spruce,all,00:00:00,136,-0.324948287,
Spruce,all,00:30:00,105,-0.684166538,
Spruce,all,01:00:00,89,-0.869569506,
Spruce,all,01:30:00,81,-0.96227099,
Spruce,all,02:00:00,78,-0.997034046,
Spruce,all,02:30:00,76,-1.020209417,
Spruce,all,03:00:00,71,-1.078147845,
Spruce,all,03:30:00,69,-1.101323216,
Spruce,all,04:30:00,60,-1.205612385,
Spruce,all,05:00:00,60,-1.205612385,
Spruce,all,05:30:00,60,-1.205612385,
Spruce,all,06:00:00,59,-1.217200071,
Spruce,all,06:30:00,59,-1.217200071,
Spruce,all,07:00:00,60,-1.205612385,
Spruce,all,07:30:00,61,-1.1940247,
Spruce,all,08:00:00,61,-1.1940247,
Spruce,all,08:30:00,65,-1.147673958,
Spruce,all,09:00:00,66,-1.136086272,
Spruce,all,09:30:00,71,-1.078147845,
Spruce,all,10:00:00,88,-0.881157191,
Spruce,all,10:30:00,124,-0.464000513,
Spruce,all,11:00:00,174,0.115383762,
Spruce,all,11:30:00,201,0.428251271,
Spruce,all,12:00:00,245,0.938109433,
Spruce,all,12:30:00,265,1.169863143,
Spruce,all,13:00:00,275,1.285739998,
Spruce,all,13:30:00,256,1.065573973,
Spruce,all,14:00:00,241,0.891758691,
Spruce,all,14:30:00,249,0.984460175,
Spruce,all,15:00:00,283,1.378441482,
Spruce,all,15:30:00,279,1.33209074,
Spruce,all,16:00:00,285,1.401616853,
Spruce,all,16:30:00,295,1.517493708,
Spruce,all,17:00:00,282,1.366853796,
Spruce,all,17:30:00,279,1.33209074,
Spruce,all,18:00:00,258,1.088749344,
Spruce,all,18:30:00,245,0.938109433,
Spruce,all,19:00:00,222,0.671592666,
Spruce,all,19:30:00,218,0.625241924,
Spruce,all,20:00:00,199,0.4050759,
Spruce,all,20:30:00,199,0.4050759,
Spruce,all,21:00:00,213,0.567303497,
Spruce,all,21:30:00,215,0.590478868,
Spruce,all,22:00:00,206,0.486189698,
Spruce,all,22:30:00,203,0.451426642,
Spruce,all,23:00:00,169,0.057445335,
Spruce,all,23:30:00,155,-0.104782263,
Teter,all,00:00:00,77,-0.331448428,
Teter,all,00:30:00,66,-0.530934852,
Teter,all,01:00:00,53,-0.766691534,
Teter,all,01:30:00,39,-1.020583345,
Teter,all,02:00:00,36,-1.074988733,
Teter,all,02:30:00,31,-1.16566438,
Teter,all,03:00:00,31,-1.16566438,
Teter,all,03:30:00,27,-1.238204898,
Teter,all,04:30:00,25,-1.274475156,
Teter,all,05:00:00,24,-1.292610286,
Teter,all,05:30:00,25,-1.274475156,
Teter,all,06:00:00,24,-1.292610286,
Teter,all,06:30:00,23,-1.310745415,
Teter,all,07:00:00,27,-1.238204898,
Teter,all,07:30:00,28,-1.220069768,
Teter,all,08:00:00,30,-1.183799509,
Teter,all,08:30:00,36,-1.074988733,
Teter,all,09:00:00,44,-0.929907698,
Teter,all,09:30:00,50,-0.821096922,
Teter,all,10:00:00,57,-0.694151016,
Teter,all,10:30:00,72,-0.422124075,
Teter,all,11:00:00,95,-0.0050161,
Teter,all,11:30:00,123,0.502767523,
Teter,all,12:00:00,138,0.774794464,
Teter,all,12:30:00,146,0.919875499,
Teter,all,13:00:00,145,0.901740369,
Teter,all,13:30:00,162,1.210037569,
Teter,all,14:00:00,173,1.409523992,
Teter,all,14:30:00,184,1.609010415,
Teter,all,15:00:00,173,1.409523992,
Teter,all,15:30:00,180,1.536469898,
Teter,all,16:00:00,173,1.409523992,
Teter,all,16:30:00,161,1.19190244,
Teter,all,17:00:00,145,0.901740369,
Teter,all,17:30:00,145,0.901740369,
Teter,all,18:00:00,155,1.083091663,
Teter,all,18:30:00,150,0.992416016,
Teter,all,19:00:00,136,0.738524205,
Teter,all,19:30:00,113,0.321416229,
Teter,all,20:00:00,114,0.339551359,
Teter,all,20:30:00,128,0.59344317,
Teter,all,21:00:00,132,0.665983687,
Teter,all,21:30:00,129,0.611578299,
Teter,all,22:00:00,116,0.375821617,
Teter,all,22:30:00,111,0.28514597,
Teter,all,23:00:00,120,0.448362135,
Teter,all,23:30:00,106,0.194470324,
Tulip Tree,all,00:00:00,78,0.156415359,
Tulip Tree,all,00:30:00,63,-0.231869247,
Tulip Tree,all,01:00:00,54,-0.464840011,
Tulip Tree,all,01:30:00,38,-0.879010258,
Tulip Tree,all,02:00:00,29,-1.111981022,
Tulip Tree,all,02:30:00,27,-1.163752303,
Tulip Tree,all,03:00:00,23,-1.267294865,
Tulip Tree,all,03:30:00,19,-1.370837426,
Tulip Tree,all,04:30:00,19,-1.370837426,
Tulip Tree,all,05:00:00,17,-1.422608707,
Tulip Tree,all,05:30:00,18,-1.396723067,
Tulip Tree,all,06:00:00,16,-1.448494348,
Tulip Tree,all,06:30:00,18,-1.396723067,
Tulip Tree,all,07:00:00,23,-1.267294865,
Tulip Tree,all,07:30:00,27,-1.163752303,
Tulip Tree,all,08:00:00,23,-1.267294865,
Tulip Tree,all,08:30:00,25,-1.215523584,
Tulip Tree,all,09:00:00,31,-1.060209741,
Tulip Tree,all,09:30:00,46,-0.671925135,
Tulip Tree,all,10:00:00,56,-0.41306873,
Tulip Tree,all,10:30:00,59,-0.335411809,
Tulip Tree,all,11:00:00,81,0.234072281,
Tulip Tree,all,11:30:00,87,0.389386123,
Tulip Tree,all,12:00:00,82,0.259957921,
Tulip Tree,all,12:30:00,81,0.234072281,
Tulip Tree,all,13:00:00,80,0.20818664,
Tulip Tree,all,13:30:00,80,0.20818664,
Tulip Tree,all,14:00:00,97,0.648242527,
Tulip Tree,all,14:30:00,98,0.674128168,
Tulip Tree,all,15:00:00,115,1.114184055,
Tulip Tree,all,15:30:00,97,0.648242527,
Tulip Tree,all,16:00:00,90,0.467043044,
Tulip Tree,all,16:30:00,100,0.725899449,
Tulip Tree,all,17:00:00,102,0.77767073,
Tulip Tree,all,17:30:00,117,1.165955336,
Tulip Tree,all,18:00:00,113,1.062412774,
Tulip Tree,all,18:30:00,95,0.596471247,
Tulip Tree,all,19:00:00,101,0.751785089,
Tulip Tree,all,19:30:00,94,0.570585606,
Tulip Tree,all,20:00:00,105,0.855327651,
Tulip Tree,all,20:30:00,126,1.3989261,
Tulip Tree,all,21:00:00,130,1.502468662,
Tulip Tree,all,21:30:00,120,1.243612257,
Tulip Tree,all,22:00:00,132,1.554239943,
Tulip Tree,all,22:30:00,126,1.3989261,
Tulip Tree,all,23:00:00,113,1.062412774,
Tulip Tree,all,23:30:00,111,1.010641493,
University Apartments,all,00:00:00,26,-0.084183336,
University Apartments,all,00:30:00,26,-0.084183336,
University Apartments,all,01:00:00,22,-0.371937283,
University Apartments,all,01:30:00,14,-0.947445178,
University Apartments,all,02:00:00,11,-1.163260639,
University Apartments,all,02:30:00,9,-1.307137613,
University Apartments,all,03:00:00,11,-1.163260639,
University Apartments,all,03:30:00,12,-1.091322152,
University Apartments,all,04:30:00,8,-1.3790761,
University Apartments,all,05:00:00,7,-1.451014586,
University Apartments,all,05:30:00,7,-1.451014586,
University Apartments,all,06:00:00,7,-1.451014586,
University Apartments,all,06:30:00,7,-1.451014586,
University Apartments,all,07:00:00,7,-1.451014586,
University Apartments,all,07:30:00,9,-1.307137613,
University Apartments,all,08:00:00,10,-1.235199126,
University Apartments,all,08:30:00,14,-0.947445178,
University Apartments,all,09:00:00,21,-0.44387577,
University Apartments,all,09:30:00,25,-0.156121823,
University Apartments,all,10:00:00,31,0.275509099,
University Apartments,all,10:30:00,26,-0.084183336,
University Apartments,all,11:00:00,25,-0.156121823,
University Apartments,all,11:30:00,27,-0.012244849,
University Apartments,all,12:00:00,30,0.203570612,
University Apartments,all,12:30:00,30,0.203570612,
University Apartments,all,13:00:00,39,0.851016994,
University Apartments,all,13:30:00,39,0.851016994,
University Apartments,all,14:00:00,41,0.994893968,
University Apartments,all,14:30:00,44,1.210709428,
University Apartments,all,15:00:00,42,1.066832454,
University Apartments,all,15:30:00,38,0.779078507,
University Apartments,all,16:00:00,39,0.851016994,
University Apartments,all,16:30:00,38,0.779078507,
University Apartments,all,17:00:00,35,0.563263046,
University Apartments,all,17:30:00,46,1.354586402,
University Apartments,all,18:00:00,45,1.282647915,
University Apartments,all,18:30:00,45,1.282647915,
University Apartments,all,19:00:00,34,0.491324559,
University Apartments,all,19:30:00,27,-0.012244849,
University Apartments,all,20:00:00,21,-0.44387577,
University Apartments,all,20:30:00,23,-0.299998796,
University Apartments,all,21:00:00,31,0.275509099,
University Apartments,all,21:30:00,50,1.642340349,
University Apartments,all,22:00:00,49,1.570401863,
University Apartments,all,22:30:00,49,1.570401863,
University Apartments,all,23:00:00,41,0.994893968,
University Apartments,all,23:30:00,39,0.851016994,
Wells,all,00:00:00,71,0.167258234,
Wells,all,00:30:00,67,0.031721389,
Wells,all,01:00:00,59,-0.2393523,
Wells,all,01:30:00,49,-0.578194413,
Wells,all,02:00:00,36,-1.018689158,
Wells,all,02:30:00,34,-1.086457581,
Wells,all,03:00:00,32,-1.154226003,
Wells,all,03:30:00,31,-1.188110214,
Wells,all,04:30:00,25,-1.391415482,
Wells,all,05:00:00,24,-1.425299693,
Wells,all,05:30:00,24,-1.425299693,
Wells,all,06:00:00,22,-1.493068115,
Wells,all,06:30:00,22,-1.493068115,
Wells,all,07:00:00,24,-1.425299693,
Wells,all,07:30:00,26,-1.35753127,
Wells,all,08:00:00,32,-1.154226003,
Wells,all,08:30:00,34,-1.086457581,
Wells,all,09:00:00,34,-1.086457581,
Wells,all,09:30:00,41,-0.849268102,
Wells,all,10:00:00,41,-0.849268102,
Wells,all,10:30:00,50,-0.544310201,
Wells,all,11:00:00,63,-0.103815456,
Wells,all,11:30:00,79,0.438331924,
Wells,all,12:00:00,82,0.539984557,
Wells,all,12:30:00,102,1.217668782,
Wells,all,13:00:00,92,0.878826669,
Wells,all,13:30:00,91,0.844942458,
Wells,all,14:00:00,106,1.353205626,
Wells,all,14:30:00,100,1.149900359,
Wells,all,15:00:00,108,1.420974049,
Wells,all,15:30:00,100,1.149900359,
Wells,all,16:00:00,97,1.048247726,
Wells,all,16:30:00,90,0.811058247,
Wells,all,17:00:00,88,0.743289825,
Wells,all,17:30:00,89,0.777174036,
Wells,all,18:00:00,76,0.33667929,
Wells,all,18:30:00,81,0.506100346,
Wells,all,19:00:00,68,0.0656056,
Wells,all,19:30:00,71,0.167258234,
Wells,all,20:00:00,81,0.506100346,
Wells,all,20:30:00,80,0.472216135,
Wells,all,21:00:00,97,1.048247726,
Wells,all,21:30:00,103,1.251552993,
Wells,all,22:00:00,108,1.420974049,
Wells,all,22:30:00,101,1.18378457,
Wells,all,23:00:00,89,0.777174036,
Wells,all,23:30:00,85,0.641637191,
Willkie,all,00:00:00,223,0.087350513,
Willkie,all,00:30:00,197,-0.198056779,
Willkie,all,01:00:00,181,-0.373692035,
Willkie,all,01:30:00,158,-0.626167716,
Willkie,all,02:00:00,134,-0.889620601,
Willkie,all,02:30:00,121,-1.032324247,
Willkie,all,03:00:00,112,-1.131119079,
Willkie,all,03:30:00,106,-1.1969823,
Willkie,all,04:30:00,100,-1.262845521,
Willkie,all,05:00:00,100,-1.262845521,
Willkie,all,05:30:00,99,-1.273822725,
Willkie,all,06:00:00,92,-1.350663149,
Willkie,all,06:30:00,92,-1.350663149,
Willkie,all,07:00:00,100,-1.262845521,
Willkie,all,07:30:00,102,-1.240891114,
Willkie,all,08:00:00,98,-1.284799928,
Willkie,all,08:30:00,111,-1.142096282,
Willkie,all,09:00:00,113,-1.120141875,
Willkie,all,09:30:00,125,-0.988415433,
Willkie,all,10:00:00,123,-1.01036984,
Willkie,all,10:30:00,146,-0.757894159,
Willkie,all,11:00:00,174,-0.45053246,
Willkie,all,11:30:00,189,-0.285874407,
Willkie,all,12:00:00,222,0.07637331,
Willkie,all,12:30:00,249,0.372757805,
Willkie,all,13:00:00,255,0.438621026,
Willkie,all,13:30:00,274,0.647187893,
Willkie,all,14:00:00,283,0.745982725,
Willkie,all,14:30:00,285,0.767937132,
Willkie,all,15:00:00,305,0.987481203,
Willkie,all,15:30:00,312,1.064321628,
Willkie,all,16:00:00,341,1.38266053,
Willkie,all,16:30:00,356,1.547318583,
Willkie,all,17:00:00,355,1.536341379,
Willkie,all,17:30:00,304,0.976503999,
Willkie,all,18:00:00,316,1.108230442,
Willkie,all,18:30:00,346,1.437546548,
Willkie,all,19:00:00,312,1.064321628,
Willkie,all,19:30:00,289,0.811845946,
Willkie,all,20:00:00,294,0.866731964,
Willkie,all,20:30:00,299,0.921617982,
Willkie,all,21:00:00,307,1.00943561,
Willkie,all,21:30:00,286,0.778914336,
Willkie,all,22:00:00,285,0.767937132,
Willkie,all,22:30:00,304,0.976503999,
Willkie,all,23:00:00,284,0.756959929,
Willkie,all,23:30:00,248,0.361780602,
Wright,all,00:00:00,169,-0.492322309,
Wright,all,00:30:00,160,-0.576295025,
Wright,all,01:00:00,153,-0.641607138,
Wright,all,01:30:00,138,-0.781561665,
Wright,all,02:00:00,125,-0.902855589,
Wright,all,02:30:00,113,-1.014819211,
Wright,all,03:00:00,99,-1.145443436,
Wright,all,03:30:00,92,-1.210755549,
Wright,all,04:30:00,93,-1.201425247,
Wright,all,05:00:00,89,-1.238746454,
Wright,all,05:30:00,87,-1.257407058,
Wright,all,06:00:00,81,-1.313388869,
Wright,all,06:30:00,80,-1.322719171,
Wright,all,07:00:00,84,-1.285397964,
Wright,all,07:30:00,87,-1.257407058,
Wright,all,08:00:00,91,-1.220085851,
Wright,all,08:30:00,93,-1.201425247,
Wright,all,09:00:00,93,-1.201425247,
Wright,all,09:30:00,125,-0.902855589,
Wright,all,10:00:00,159,-0.585625327,
Wright,all,10:30:00,196,-0.24040416,
Wright,all,11:00:00,239,0.160798819,
Wright,all,11:30:00,285,0.589992702,
Wright,all,12:00:00,304,0.767268437,
Wright,all,12:30:00,313,0.851241153,
Wright,all,13:00:00,329,1.000525982,
Wright,all,13:30:00,341,1.112489604,
Wright,all,14:00:00,345,1.149810812,
Wright,all,14:30:00,355,1.24311383,
Wright,all,15:00:00,371,1.392398659,
Wright,all,15:30:00,371,1.392398659,
Wright,all,16:00:00,364,1.327086546,
Wright,all,16:30:00,352,1.215122924,
Wright,all,17:00:00,362,1.308425942,
Wright,all,17:30:00,341,1.112489604,
Wright,all,18:00:00,334,1.047177492,
Wright,all,18:30:00,322,0.93521387,
Wright,all,19:00:00,306,0.785929041,
Wright,all,19:30:00,306,0.785929041,
Wright,all,20:00:00,327,0.981865379,
Wright,all,20:30:00,317,0.888562361,
Wright,all,21:00:00,305,0.776598739,
Wright,all,21:30:00,280,0.543341193,
Wright,all,22:00:00,245,0.21678063,
Wright,all,22:30:00,216,-0.053798123,
Wright,all,23:00:00,201,-0.193752651,
Wright,all,23:30:00,185,-0.34303748,
3rd and Union,Sunday,00:00:00,2,-0.630809478,
3rd and Union,Sunday,00:30:00,2,-0.630809478,
3rd and Union,Sunday,01:00:00,2,-0.630809478,
3rd and Union,Sunday,01:30:00,1,-0.862434834,
3rd and Union,Sunday,02:00:00,1,-0.862434834,
3rd and Union,Sunday,02:30:00,1,-0.862434834,
3rd and Union,Sunday,03:00:00,1,-0.862434834,
3rd and Union,Sunday,03:30:00,1,-0.862434834,
3rd and Union,Sunday,04:30:00,1,-0.862434834,
3rd and Union,Sunday,05:00:00,1,-0.862434834,
3rd and Union,Sunday,05:30:00,1,-0.862434834,
3rd and Union,Sunday,06:00:00,1,-0.862434834,
3rd and Union,Sunday,06:30:00,1,-0.862434834,
3rd and Union,Sunday,07:00:00,1,-0.862434834,
3rd and Union,Sunday,07:30:00,1,-0.862434834,
3rd and Union,Sunday,08:00:00,1,-0.862434834,
3rd and Union,Sunday,08:30:00,1,-0.862434834,
3rd and Union,Sunday,09:00:00,1,-0.862434834,
3rd and Union,Sunday,09:30:00,2,-0.630809478,
3rd and Union,Sunday,10:00:00,2,-0.630809478,
3rd and Union,Sunday,10:30:00,2,-0.630809478,
3rd and Union,Sunday,11:00:00,4,-0.167558768,
3rd and Union,Sunday,11:30:00,4,-0.167558768,
3rd and Union,Sunday,12:00:00,6,0.295691943,
3rd and Union,Sunday,12:30:00,6,0.295691943,
3rd and Union,Sunday,13:00:00,18,3.075196207,
3rd and Union,Sunday,13:30:00,12,1.685444075,
3rd and Union,Sunday,14:00:00,13,1.91706943,
3rd and Union,Sunday,14:30:00,14,2.148694786,
3rd and Union,Sunday,15:00:00,6,0.295691943,
3rd and Union,Sunday,15:30:00,6,0.295691943,
3rd and Union,Sunday,16:00:00,8,0.758942654,
3rd and Union,Sunday,16:30:00,6,0.295691943,
3rd and Union,Sunday,17:00:00,6,0.295691943,
3rd and Union,Sunday,17:30:00,4,-0.167558768,
3rd and Union,Sunday,18:00:00,5,0.064066588,
3rd and Union,Sunday,18:30:00,3,-0.399184123,
3rd and Union,Sunday,19:00:00,4,-0.167558768,
3rd and Union,Sunday,19:30:00,4,-0.167558768,
3rd and Union,Sunday,20:00:00,3,-0.399184123,
3rd and Union,Sunday,20:30:00,5,0.064066588,
3rd and Union,Sunday,21:00:00,6,0.295691943,
3rd and Union,Sunday,21:30:00,10,1.222193364,
3rd and Union,Sunday,22:00:00,15,2.380320141,
3rd and Union,Sunday,22:30:00,10,1.222193364,
3rd and Union,Sunday,23:00:00,9,0.990568009,
3rd and Union,Sunday,23:30:00,8,0.758942654,
Ashton,Sunday,00:00:00,16,-0.39886769,
Ashton,Sunday,00:30:00,17,-0.318753239,
Ashton,Sunday,01:00:00,14,-0.559096591,
Ashton,Sunday,01:30:00,15,-0.47898214,
Ashton,Sunday,02:00:00,16,-0.39886769,
Ashton,Sunday,02:30:00,12,-0.719325492,
Ashton,Sunday,03:00:00,11,-0.799439942,
Ashton,Sunday,03:30:00,8,-1.039783294,
Ashton,Sunday,04:30:00,4,-1.360241096,
Ashton,Sunday,05:00:00,4,-1.360241096,
Ashton,Sunday,05:30:00,4,-1.360241096,
Ashton,Sunday,06:00:00,4,-1.360241096,
Ashton,Sunday,06:30:00,4,-1.360241096,
Ashton,Sunday,07:00:00,4,-1.360241096,
Ashton,Sunday,07:30:00,4,-1.360241096,
Ashton,Sunday,08:00:00,3,-1.440355546,
Ashton,Sunday,08:30:00,3,-1.440355546,
Ashton,Sunday,09:00:00,3,-1.440355546,
Ashton,Sunday,09:30:00,4,-1.360241096,
Ashton,Sunday,10:00:00,10,-0.879554393,
Ashton,Sunday,10:30:00,20,-0.078409888,
Ashton,Sunday,11:00:00,23,0.161933464,
Ashton,Sunday,11:30:00,22,0.081819013,
Ashton,Sunday,12:00:00,26,0.402276815,
Ashton,Sunday,12:30:00,25,0.322162365,
Ashton,Sunday,13:00:00,31,0.802849068,
Ashton,Sunday,13:30:00,28,0.562505716,
Ashton,Sunday,14:00:00,31,0.802849068,
Ashton,Sunday,14:30:00,34,1.043192419,
Ashton,Sunday,15:00:00,38,1.363650221,
Ashton,Sunday,15:30:00,32,0.882963518,
Ashton,Sunday,16:00:00,34,1.043192419,
Ashton,Sunday,16:30:00,41,1.603993573,
Ashton,Sunday,17:00:00,43,1.764222474,
Ashton,Sunday,17:30:00,38,1.363650221,
Ashton,Sunday,18:00:00,28,0.562505716,
Ashton,Sunday,18:30:00,32,0.882963518,
Ashton,Sunday,19:00:00,33,0.963077969,
Ashton,Sunday,19:30:00,32,0.882963518,
Ashton,Sunday,20:00:00,31,0.802849068,
Ashton,Sunday,20:30:00,32,0.882963518,
Ashton,Sunday,21:00:00,30,0.722734617,
Ashton,Sunday,21:30:00,32,0.882963518,
Ashton,Sunday,22:00:00,30,0.722734617,
Ashton,Sunday,22:30:00,26,0.402276815,
Ashton,Sunday,23:00:00,29,0.642620167,
Ashton,Sunday,23:30:00,25,0.322162365,
BBHN,Sunday,00:00:00,4,-0.676115734,
BBHN,Sunday,00:30:00,3,-0.997099972,
BBHN,Sunday,01:00:00,3,-0.997099972,
BBHN,Sunday,01:30:00,3,-0.997099972,
BBHN,Sunday,02:00:00,3,-0.997099972,
BBHN,Sunday,02:30:00,3,-0.997099972,
BBHN,Sunday,03:00:00,3,-0.997099972,
BBHN,Sunday,03:30:00,3,-0.997099972,
BBHN,Sunday,04:30:00,3,-0.997099972,
BBHN,Sunday,05:00:00,3,-0.997099972,
BBHN,Sunday,05:30:00,3,-0.997099972,
BBHN,Sunday,06:00:00,3,-0.997099972,
BBHN,Sunday,06:30:00,3,-0.997099972,
BBHN,Sunday,07:00:00,3,-0.997099972,
BBHN,Sunday,07:30:00,3,-0.997099972,
BBHN,Sunday,08:00:00,3,-0.997099972,
BBHN,Sunday,08:30:00,3,-0.997099972,
BBHN,Sunday,09:00:00,3,-0.997099972,
BBHN,Sunday,09:30:00,3,-0.997099972,
BBHN,Sunday,10:00:00,5,-0.355131497,
BBHN,Sunday,10:30:00,5,-0.355131497,
BBHN,Sunday,11:00:00,13,2.212742403,
BBHN,Sunday,11:30:00,12,1.891758165,
BBHN,Sunday,12:00:00,12,1.891758165,
BBHN,Sunday,12:30:00,5,-0.355131497,
BBHN,Sunday,13:00:00,10,1.24978969,
BBHN,Sunday,13:30:00,11,1.570773928,
BBHN,Sunday,14:00:00,8,0.607821216,
BBHN,Sunday,14:30:00,10,1.24978969,
BBHN,Sunday,15:00:00,8,0.607821216,
BBHN,Sunday,15:30:00,11,1.570773928,
BBHN,Sunday,16:00:00,8,0.607821216,
BBHN,Sunday,16:30:00,8,0.607821216,
BBHN,Sunday,17:00:00,8,0.607821216,
BBHN,Sunday,17:30:00,6,-0.034147259,
BBHN,Sunday,18:00:00,9,0.928805453,
BBHN,Sunday,18:30:00,9,0.928805453,
BBHN,Sunday,19:00:00,8,0.607821216,
BBHN,Sunday,19:30:00,8,0.607821216,
BBHN,Sunday,20:00:00,6,-0.034147259,
BBHN,Sunday,20:30:00,6,-0.034147259,
BBHN,Sunday,21:00:00,5,-0.355131497,
BBHN,Sunday,21:30:00,5,-0.355131497,
BBHN,Sunday,22:00:00,6,-0.034147259,
BBHN,Sunday,22:30:00,9,0.928805453,
BBHN,Sunday,23:00:00,9,0.928805453,
BBHN,Sunday,23:30:00,9,0.928805453,
Briscoe,Sunday,00:00:00,22,-0.716866526,
Briscoe,Sunday,00:30:00,18,-0.892349477,
Briscoe,Sunday,01:00:00,15,-1.023961691,
Briscoe,Sunday,01:30:00,16,-0.980090953,
Briscoe,Sunday,02:00:00,17,-0.936220215,
Briscoe,Sunday,02:30:00,16,-0.980090953,
Briscoe,Sunday,03:00:00,12,-1.155573905,
Briscoe,Sunday,03:30:00,12,-1.155573905,
Briscoe,Sunday,04:30:00,11,-1.199444643,
Briscoe,Sunday,05:00:00,11,-1.199444643,
Briscoe,Sunday,05:30:00,11,-1.199444643,
Briscoe,Sunday,06:00:00,11,-1.199444643,
Briscoe,Sunday,06:30:00,13,-1.111703167,
Briscoe,Sunday,07:00:00,14,-1.067832429,
Briscoe,Sunday,07:30:00,17,-0.936220215,
Briscoe,Sunday,08:00:00,15,-1.023961691,
Briscoe,Sunday,08:30:00,16,-0.980090953,
Briscoe,Sunday,09:00:00,15,-1.023961691,
Briscoe,Sunday,09:30:00,15,-1.023961691,
Briscoe,Sunday,10:00:00,16,-0.980090953,
Briscoe,Sunday,10:30:00,28,-0.453642098,
Briscoe,Sunday,11:00:00,42,0.160548232,
Briscoe,Sunday,11:30:00,42,0.160548232,
Briscoe,Sunday,12:00:00,53,0.643126349,
Briscoe,Sunday,12:30:00,69,1.345058156,
Briscoe,Sunday,13:00:00,68,1.301187418,
Briscoe,Sunday,13:30:00,62,1.03796299,
Briscoe,Sunday,14:00:00,56,0.774738563,
Briscoe,Sunday,14:30:00,60,0.950221515,
Briscoe,Sunday,15:00:00,69,1.345058156,
Briscoe,Sunday,15:30:00,70,1.388928894,
Briscoe,Sunday,16:00:00,66,1.213445942,
Briscoe,Sunday,16:30:00,77,1.696024059,
Briscoe,Sunday,17:00:00,81,1.871507011,
Briscoe,Sunday,17:30:00,64,1.125704466,
Briscoe,Sunday,18:00:00,59,0.906350777,
Briscoe,Sunday,18:30:00,53,0.643126349,
Briscoe,Sunday,19:00:00,61,0.994092253,
Briscoe,Sunday,19:30:00,56,0.774738563,
Briscoe,Sunday,20:00:00,54,0.686997087,
Briscoe,Sunday,20:30:00,54,0.686997087,
Briscoe,Sunday,21:00:00,50,0.511514136,
Briscoe,Sunday,21:30:00,49,0.467643398,
Briscoe,Sunday,22:00:00,42,0.160548232,
Briscoe,Sunday,22:30:00,48,0.42377266,
Briscoe,Sunday,23:00:00,41,0.116677494,
Briscoe,Sunday,23:30:00,35,-0.146546933,
Campus View,Sunday,00:00:00,17,-0.248544811,
Campus View,Sunday,00:30:00,17,-0.248544811,
Campus View,Sunday,01:00:00,18,-0.139370922,
Campus View,Sunday,01:30:00,16,-0.357718699,
Campus View,Sunday,02:00:00,14,-0.576066477,
Campus View,Sunday,02:30:00,10,-1.012762032,
Campus View,Sunday,03:00:00,8,-1.23110981,
Campus View,Sunday,03:30:00,8,-1.23110981,
Campus View,Sunday,04:30:00,8,-1.23110981,
Campus View,Sunday,05:00:00,6,-1.449457587,
Campus View,Sunday,05:30:00,6,-1.449457587,
Campus View,Sunday,06:00:00,6,-1.449457587,
Campus View,Sunday,06:30:00,8,-1.23110981,
Campus View,Sunday,07:00:00,8,-1.23110981,
Campus View,Sunday,07:30:00,9,-1.121935921,
Campus View,Sunday,08:00:00,11,-0.903588143,
Campus View,Sunday,08:30:00,12,-0.794414255,
Campus View,Sunday,09:00:00,10,-1.012762032,
Campus View,Sunday,09:30:00,7,-1.340283698,
Campus View,Sunday,10:00:00,9,-1.121935921,
Campus View,Sunday,10:30:00,11,-0.903588143,
Campus View,Sunday,11:00:00,16,-0.357718699,
Campus View,Sunday,11:30:00,29,1.061541855,
Campus View,Sunday,12:00:00,27,0.843194077,
Campus View,Sunday,12:30:00,28,0.952367966,
Campus View,Sunday,13:00:00,25,0.6248463,
Campus View,Sunday,13:30:00,22,0.297324633,
Campus View,Sunday,14:00:00,24,0.515672411,
Campus View,Sunday,14:30:00,18,-0.139370922,
Campus View,Sunday,15:00:00,26,0.734020188,
Campus View,Sunday,15:30:00,27,0.843194077,
Campus View,Sunday,16:00:00,24,0.515672411,
Campus View,Sunday,16:30:00,30,1.170715743,
Campus View,Sunday,17:00:00,36,1.825759076,
Campus View,Sunday,17:30:00,30,1.170715743,
Campus View,Sunday,18:00:00,35,1.716585187,
Campus View,Sunday,18:30:00,29,1.061541855,
Campus View,Sunday,19:00:00,33,1.49823741,
Campus View,Sunday,19:30:00,32,1.389063521,
Campus View,Sunday,20:00:00,29,1.061541855,
Campus View,Sunday,20:30:00,26,0.734020188,
Campus View,Sunday,21:00:00,28,0.952367966,
Campus View,Sunday,21:30:00,26,0.734020188,
Campus View,Sunday,22:00:00,22,0.297324633,
Campus View,Sunday,22:30:00,22,0.297324633,
Campus View,Sunday,23:00:00,21,0.188150744,
Campus View,Sunday,23:30:00,22,0.297324633,
Collins,Sunday,00:00:00,7,-0.971495525,
Collins,Sunday,00:30:00,5,-1.170451036,
Collins,Sunday,01:00:00,8,-0.87201777,
Collins,Sunday,01:30:00,6,-1.07097328,
Collins,Sunday,02:00:00,5,-1.170451036,
Collins,Sunday,02:30:00,5,-1.170451036,
Collins,Sunday,03:00:00,5,-1.170451036,
Collins,Sunday,03:30:00,5,-1.170451036,
Collins,Sunday,04:30:00,5,-1.170451036,
Collins,Sunday,05:00:00,5,-1.170451036,
Collins,Sunday,05:30:00,5,-1.170451036,
Collins,Sunday,06:00:00,5,-1.170451036,
Collins,Sunday,06:30:00,6,-1.07097328,
Collins,Sunday,07:00:00,5,-1.170451036,
Collins,Sunday,07:30:00,5,-1.170451036,
Collins,Sunday,08:00:00,6,-1.07097328,
Collins,Sunday,08:30:00,8,-0.87201777,
Collins,Sunday,09:00:00,7,-0.971495525,
Collins,Sunday,09:30:00,11,-0.573584504,
Collins,Sunday,10:00:00,12,-0.474106749,
Collins,Sunday,10:30:00,15,-0.175673483,
Collins,Sunday,11:00:00,15,-0.175673483,
Collins,Sunday,11:30:00,18,0.122759783,
Collins,Sunday,12:00:00,23,0.62014856,
Collins,Sunday,12:30:00,23,0.62014856,
Collins,Sunday,13:00:00,25,0.81910407,
Collins,Sunday,13:30:00,34,1.714403868,
Collins,Sunday,14:00:00,32,1.515448357,
Collins,Sunday,14:30:00,31,1.415970602,
Collins,Sunday,15:00:00,28,1.117537336,
Collins,Sunday,15:30:00,30,1.316492847,
Collins,Sunday,16:00:00,28,1.117537336,
Collins,Sunday,16:30:00,30,1.316492847,
Collins,Sunday,17:00:00,27,1.018059581,
Collins,Sunday,17:30:00,28,1.117537336,
Collins,Sunday,18:00:00,31,1.415970602,
Collins,Sunday,18:30:00,27,1.018059581,
Collins,Sunday,19:00:00,27,1.018059581,
Collins,Sunday,19:30:00,23,0.62014856,
Collins,Sunday,20:00:00,21,0.421193049,
Collins,Sunday,20:30:00,23,0.62014856,
Collins,Sunday,21:00:00,23,0.62014856,
Collins,Sunday,21:30:00,25,0.81910407,
Collins,Sunday,22:00:00,23,0.62014856,
Collins,Sunday,22:30:00,19,0.222237538,
Collins,Sunday,23:00:00,16,-0.076195727,
Collins,Sunday,23:30:00,17,0.023282028,
Eigenmann,Sunday,00:00:00,21,-1.025307471,
Eigenmann,Sunday,00:30:00,23,-0.930352888,
Eigenmann,Sunday,01:00:00,26,-0.787921012,
Eigenmann,Sunday,01:30:00,27,-0.74044372,
Eigenmann,Sunday,02:00:00,21,-1.025307471,
Eigenmann,Sunday,02:30:00,18,-1.167739346,
Eigenmann,Sunday,03:00:00,19,-1.120262055,
Eigenmann,Sunday,03:30:00,19,-1.120262055,
Eigenmann,Sunday,04:30:00,18,-1.167739346,
Eigenmann,Sunday,05:00:00,14,-1.357648513,
Eigenmann,Sunday,05:30:00,15,-1.310171222,
Eigenmann,Sunday,06:00:00,14,-1.357648513,
Eigenmann,Sunday,06:30:00,14,-1.357648513,
Eigenmann,Sunday,07:00:00,18,-1.167739346,
Eigenmann,Sunday,07:30:00,18,-1.167739346,
Eigenmann,Sunday,08:00:00,18,-1.167739346,
Eigenmann,Sunday,08:30:00,18,-1.167739346,
Eigenmann,Sunday,09:00:00,21,-1.025307471,
Eigenmann,Sunday,09:30:00,23,-0.930352888,
Eigenmann,Sunday,10:00:00,26,-0.787921012,
Eigenmann,Sunday,10:30:00,38,-0.218193511,
Eigenmann,Sunday,11:00:00,47,0.209102115,
Eigenmann,Sunday,11:30:00,61,0.873784199,
Eigenmann,Sunday,12:00:00,62,0.921261491,
Eigenmann,Sunday,12:30:00,59,0.778829616,
Eigenmann,Sunday,13:00:00,66,1.111170658,
Eigenmann,Sunday,13:30:00,69,1.253602534,
Eigenmann,Sunday,14:00:00,71,1.348557117,
Eigenmann,Sunday,14:30:00,68,1.206125242,
Eigenmann,Sunday,15:00:00,64,1.016216075,
Eigenmann,Sunday,15:30:00,66,1.111170658,
Eigenmann,Sunday,16:00:00,50,0.35153399,
Eigenmann,Sunday,16:30:00,50,0.35153399,
Eigenmann,Sunday,17:00:00,56,0.636397741,
Eigenmann,Sunday,17:30:00,56,0.636397741,
Eigenmann,Sunday,18:00:00,56,0.636397741,
Eigenmann,Sunday,18:30:00,65,1.063693367,
Eigenmann,Sunday,19:00:00,66,1.111170658,
Eigenmann,Sunday,19:30:00,63,0.968738783,
Eigenmann,Sunday,20:00:00,64,1.016216075,
Eigenmann,Sunday,20:30:00,60,0.826306908,
Eigenmann,Sunday,21:00:00,62,0.921261491,
Eigenmann,Sunday,21:30:00,62,0.921261491,
Eigenmann,Sunday,22:00:00,62,0.921261491,
Eigenmann,Sunday,22:30:00,62,0.921261491,
Eigenmann,Sunday,23:00:00,62,0.921261491,
Eigenmann,Sunday,23:30:00,44,0.066670239,
Evermann,Sunday,00:00:00,9,-0.804984958,
Evermann,Sunday,00:30:00,8,-0.980143722,
Evermann,Sunday,01:00:00,8,-0.980143722,
Evermann,Sunday,01:30:00,8,-0.980143722,
Evermann,Sunday,02:00:00,7,-1.155302486,
Evermann,Sunday,02:30:00,7,-1.155302486,
Evermann,Sunday,03:00:00,7,-1.155302486,
Evermann,Sunday,03:30:00,7,-1.155302486,
Evermann,Sunday,04:30:00,7,-1.155302486,
Evermann,Sunday,05:00:00,7,-1.155302486,
Evermann,Sunday,05:30:00,7,-1.155302486,
Evermann,Sunday,06:00:00,7,-1.155302486,
Evermann,Sunday,06:30:00,7,-1.155302486,
Evermann,Sunday,07:00:00,7,-1.155302486,
Evermann,Sunday,07:30:00,8,-0.980143722,
Evermann,Sunday,08:00:00,9,-0.804984958,
Evermann,Sunday,08:30:00,8,-0.980143722,
Evermann,Sunday,09:00:00,8,-0.980143722,
Evermann,Sunday,09:30:00,8,-0.980143722,
Evermann,Sunday,10:00:00,11,-0.45466743,
Evermann,Sunday,10:30:00,13,-0.104349902,
Evermann,Sunday,11:00:00,16,0.42112639,
Evermann,Sunday,11:30:00,19,0.946602682,
Evermann,Sunday,12:00:00,17,0.596285154,
Evermann,Sunday,12:30:00,20,1.121761446,
Evermann,Sunday,13:00:00,17,0.596285154,
Evermann,Sunday,13:30:00,17,0.596285154,
Evermann,Sunday,14:00:00,16,0.42112639,
Evermann,Sunday,14:30:00,12,-0.279508666,
Evermann,Sunday,15:00:00,18,0.771443918,
Evermann,Sunday,15:30:00,16,0.42112639,
Evermann,Sunday,16:00:00,25,1.997555266,
Evermann,Sunday,16:30:00,22,1.472078974,
Evermann,Sunday,17:00:00,21,1.29692021,
Evermann,Sunday,17:30:00,23,1.647237738,
Evermann,Sunday,18:00:00,23,1.647237738,
Evermann,Sunday,18:30:00,18,0.771443918,
Evermann,Sunday,19:00:00,18,0.771443918,
Evermann,Sunday,19:30:00,15,0.245967626,
Evermann,Sunday,20:00:00,18,0.771443918,
Evermann,Sunday,20:30:00,22,1.472078974,
Evermann,Sunday,21:00:00,21,1.29692021,
Evermann,Sunday,21:30:00,18,0.771443918,
Evermann,Sunday,22:00:00,15,0.245967626,
Evermann,Sunday,22:30:00,13,-0.104349902,
Evermann,Sunday,23:00:00,14,0.070808862,
Evermann,Sunday,23:30:00,17,0.596285154,
Forest,Sunday,00:00:00,24,-0.555190408,
Forest,Sunday,00:30:00,25,-0.508924541,
Forest,Sunday,01:00:00,30,-0.277595204,
Forest,Sunday,01:30:00,32,-0.185063469,
Forest,Sunday,02:00:00,28,-0.370126939,
Forest,Sunday,02:30:00,20,-0.740253877,
Forest,Sunday,03:00:00,12,-1.110380816,
Forest,Sunday,03:30:00,9,-1.249178418,
Forest,Sunday,04:30:00,6,-1.38797602,
Forest,Sunday,05:00:00,6,-1.38797602,
Forest,Sunday,05:30:00,5,-1.434241887,
Forest,Sunday,06:00:00,5,-1.434241887,
Forest,Sunday,06:30:00,5,-1.434241887,
Forest,Sunday,07:00:00,5,-1.434241887,
Forest,Sunday,07:30:00,5,-1.434241887,
Forest,Sunday,08:00:00,6,-1.38797602,
Forest,Sunday,08:30:00,8,-1.295444285,
Forest,Sunday,09:00:00,9,-1.249178418,
Forest,Sunday,09:30:00,13,-1.064114948,
Forest,Sunday,10:00:00,24,-0.555190408,
Forest,Sunday,10:30:00,34,-0.092531735,
Forest,Sunday,11:00:00,43,0.323861071,
Forest,Sunday,11:30:00,48,0.555190408,
Forest,Sunday,12:00:00,49,0.601456275,
Forest,Sunday,12:30:00,60,1.110380816,
Forest,Sunday,13:00:00,59,1.064114948,
Forest,Sunday,13:30:00,60,1.110380816,
Forest,Sunday,14:00:00,64,1.295444285,
Forest,Sunday,14:30:00,64,1.295444285,
Forest,Sunday,15:00:00,65,1.341710152,
Forest,Sunday,15:30:00,64,1.295444285,
Forest,Sunday,16:00:00,62,1.20291255,
Forest,Sunday,16:30:00,63,1.249178418,
Forest,Sunday,17:00:00,64,1.295444285,
Forest,Sunday,17:30:00,63,1.249178418,
Forest,Sunday,18:00:00,53,0.786519745,
Forest,Sunday,18:30:00,49,0.601456275,
Forest,Sunday,19:00:00,45,0.416392806,
Forest,Sunday,19:30:00,49,0.601456275,
Forest,Sunday,20:00:00,49,0.601456275,
Forest,Sunday,20:30:00,50,0.647722143,
Forest,Sunday,21:00:00,51,0.69398801,
Forest,Sunday,21:30:00,48,0.555190408,
Forest,Sunday,22:00:00,47,0.508924541,
Forest,Sunday,22:30:00,46,0.462658673,
Forest,Sunday,23:00:00,36,0,
Forest,Sunday,23:30:00,30,-0.277595204,
Read,Sunday,00:00:00,15,-0.79219655,
Read,Sunday,00:30:00,10,-1.018951957,
Read,Sunday,01:00:00,9,-1.064303039,
Read,Sunday,01:30:00,7,-1.155005201,
Read,Sunday,02:00:00,8,-1.10965412,
Read,Sunday,02:30:00,7,-1.155005201,
Read,Sunday,03:00:00,7,-1.155005201,
Read,Sunday,03:30:00,7,-1.155005201,
Read,Sunday,04:30:00,8,-1.10965412,
Read,Sunday,05:00:00,7,-1.155005201,
Read,Sunday,05:30:00,7,-1.155005201,
Read,Sunday,06:00:00,7,-1.155005201,
Read,Sunday,06:30:00,7,-1.155005201,
Read,Sunday,07:00:00,7,-1.155005201,
Read,Sunday,07:30:00,7,-1.155005201,
Read,Sunday,08:00:00,8,-1.10965412,
Read,Sunday,08:30:00,9,-1.064303039,
Read,Sunday,09:00:00,9,-1.064303039,
Read,Sunday,09:30:00,14,-0.837547631,
Read,Sunday,10:00:00,24,-0.384036817,
Read,Sunday,10:30:00,30,-0.111930329,
Read,Sunday,11:00:00,40,0.341580486,
Read,Sunday,11:30:00,37,0.205527241,
Read,Sunday,12:00:00,45,0.568335893,
Read,Sunday,12:30:00,50,0.7950913,
Read,Sunday,13:00:00,58,1.157899951,
Read,Sunday,13:30:00,62,1.339304277,
Read,Sunday,14:00:00,65,1.475357521,
Read,Sunday,14:30:00,63,1.384655358,
Read,Sunday,15:00:00,67,1.566059684,
Read,Sunday,15:30:00,62,1.339304277,
Read,Sunday,16:00:00,57,1.11254887,
Read,Sunday,16:30:00,51,0.840442381,
Read,Sunday,17:00:00,56,1.067197788,
Read,Sunday,17:30:00,57,1.11254887,
Read,Sunday,18:00:00,64,1.43000644,
Read,Sunday,18:30:00,52,0.885793463,
Read,Sunday,19:00:00,53,0.931144544,
Read,Sunday,19:30:00,47,0.659038056,
Read,Sunday,20:00:00,46,0.613686974,
Read,Sunday,20:30:00,48,0.704389137,
Read,Sunday,21:00:00,47,0.659038056,
Read,Sunday,21:30:00,45,0.568335893,
Read,Sunday,22:00:00,39,0.296229404,
Read,Sunday,22:30:00,43,0.47763373,
Read,Sunday,23:00:00,30,-0.111930329,
Read,Sunday,23:30:00,28,-0.202632491,
Redbud,Sunday,00:00:00,8,-0.228740289,
Redbud,Sunday,00:30:00,6,-0.676690022,
Redbud,Sunday,01:00:00,4,-1.124639755,
Redbud,Sunday,01:30:00,4,-1.124639755,
Redbud,Sunday,02:00:00,4,-1.124639755,
Redbud,Sunday,02:30:00,4,-1.124639755,
Redbud,Sunday,03:00:00,4,-1.124639755,
Redbud,Sunday,03:30:00,4,-1.124639755,
Redbud,Sunday,04:30:00,4,-1.124639755,
Redbud,Sunday,05:00:00,4,-1.124639755,
Redbud,Sunday,05:30:00,4,-1.124639755,
Redbud,Sunday,06:00:00,4,-1.124639755,
Redbud,Sunday,06:30:00,4,-1.124639755,
Redbud,Sunday,07:00:00,4,-1.124639755,
Redbud,Sunday,07:30:00,4,-1.124639755,
Redbud,Sunday,08:00:00,4,-1.124639755,
Redbud,Sunday,08:30:00,6,-0.676690022,
Redbud,Sunday,09:00:00,6,-0.676690022,
Redbud,Sunday,09:30:00,7,-0.452715156,
Redbud,Sunday,10:00:00,11,0.44318431,
Redbud,Sunday,10:30:00,17,1.787033509,
Redbud,Sunday,11:00:00,18,2.011008376,
Redbud,Sunday,11:30:00,18,2.011008376,
Redbud,Sunday,12:00:00,14,1.11510891,
Redbud,Sunday,12:30:00,16,1.563058643,
Redbud,Sunday,13:00:00,15,1.339083776,
Redbud,Sunday,13:30:00,12,0.667159177,
Redbud,Sunday,14:00:00,12,0.667159177,
Redbud,Sunday,14:30:00,9,-0.004765423,
Redbud,Sunday,15:00:00,8,-0.228740289,
Redbud,Sunday,15:30:00,12,0.667159177,
Redbud,Sunday,16:00:00,11,0.44318431,
Redbud,Sunday,16:30:00,13,0.891134043,
Redbud,Sunday,17:00:00,13,0.891134043,
Redbud,Sunday,17:30:00,15,1.339083776,
Redbud,Sunday,18:00:00,12,0.667159177,
Redbud,Sunday,18:30:00,10,0.219209444,
Redbud,Sunday,19:00:00,11,0.44318431,
Redbud,Sunday,19:30:00,13,0.891134043,
Redbud,Sunday,20:00:00,13,0.891134043,
Redbud,Sunday,20:30:00,13,0.891134043,
Redbud,Sunday,21:00:00,13,0.891134043,
Redbud,Sunday,21:30:00,8,-0.228740289,
Redbud,Sunday,22:00:00,7,-0.452715156,
Redbud,Sunday,22:30:00,7,-0.452715156,
Redbud,Sunday,23:00:00,7,-0.452715156,
Redbud,Sunday,23:30:00,7,-0.452715156,
Spruce,Sunday,00:00:00,14,-0.724166017,
Spruce,Sunday,00:30:00,15,-0.671560448,
Spruce,Sunday,01:00:00,10,-0.93458829,
Spruce,Sunday,01:30:00,11,-0.881982722,
Spruce,Sunday,02:00:00,8,-1.039799427,
Spruce,Sunday,02:30:00,7,-1.092404996,
Spruce,Sunday,03:00:00,7,-1.092404996,
Spruce,Sunday,03:30:00,7,-1.092404996,
Spruce,Sunday,04:30:00,7,-1.092404996,
Spruce,Sunday,05:00:00,7,-1.092404996,
Spruce,Sunday,05:30:00,7,-1.092404996,
Spruce,Sunday,06:00:00,7,-1.092404996,
Spruce,Sunday,06:30:00,7,-1.092404996,
Spruce,Sunday,07:00:00,7,-1.092404996,
Spruce,Sunday,07:30:00,7,-1.092404996,
Spruce,Sunday,08:00:00,7,-1.092404996,
Spruce,Sunday,08:30:00,7,-1.092404996,
Spruce,Sunday,09:00:00,9,-0.987193859,
Spruce,Sunday,09:30:00,10,-0.93458829,
Spruce,Sunday,10:00:00,18,-0.513743743,
Spruce,Sunday,10:30:00,18,-0.513743743,
Spruce,Sunday,11:00:00,28,0.012311942,
Spruce,Sunday,11:30:00,30,0.117523078,
Spruce,Sunday,12:00:00,37,0.485762058,
Spruce,Sunday,12:30:00,48,1.06442331,
Spruce,Sunday,13:00:00,42,0.7487899,
Spruce,Sunday,13:30:00,44,0.854001037,
Spruce,Sunday,14:00:00,59,1.643084563,
Spruce,Sunday,14:30:00,63,1.853506837,
Spruce,Sunday,15:00:00,71,2.274351385,
Spruce,Sunday,15:30:00,66,2.011323542,
Spruce,Sunday,16:00:00,59,1.643084563,
Spruce,Sunday,16:30:00,47,1.011817742,
Spruce,Sunday,17:00:00,43,0.801395468,
Spruce,Sunday,17:30:00,34,0.327945352,
Spruce,Sunday,18:00:00,40,0.643578763,
Spruce,Sunday,18:30:00,38,0.538367626,
Spruce,Sunday,19:00:00,40,0.643578763,
Spruce,Sunday,19:30:00,40,0.643578763,
Spruce,Sunday,20:00:00,40,0.643578763,
Spruce,Sunday,20:30:00,34,0.327945352,
Spruce,Sunday,21:00:00,43,0.801395468,
Spruce,Sunday,21:30:00,37,0.485762058,
Spruce,Sunday,22:00:00,34,0.327945352,
Spruce,Sunday,22:30:00,30,0.117523078,
Spruce,Sunday,23:00:00,31,0.170128647,
Spruce,Sunday,23:30:00,30,0.117523078,
Teter,Sunday,00:00:00,13,-0.550047046,
Teter,Sunday,00:30:00,11,-0.765482139,
Teter,Sunday,01:00:00,10,-0.873199685,
Teter,Sunday,01:30:00,8,-1.088634778,
Teter,Sunday,02:00:00,6,-1.304069871,
Teter,Sunday,02:30:00,6,-1.304069871,
Teter,Sunday,03:00:00,7,-1.196352325,
Teter,Sunday,03:30:00,7,-1.196352325,
Teter,Sunday,04:30:00,9,-0.980917232,
Teter,Sunday,05:00:00,8,-1.088634778,
Teter,Sunday,05:30:00,8,-1.088634778,
Teter,Sunday,06:00:00,8,-1.088634778,
Teter,Sunday,06:30:00,8,-1.088634778,
Teter,Sunday,07:00:00,8,-1.088634778,
Teter,Sunday,07:30:00,8,-1.088634778,
Teter,Sunday,08:00:00,9,-0.980917232,
Teter,Sunday,08:30:00,8,-1.088634778,
Teter,Sunday,09:00:00,8,-1.088634778,
Teter,Sunday,09:30:00,12,-0.657764592,
Teter,Sunday,10:00:00,15,-0.334611953,
Teter,Sunday,10:30:00,14,-0.442329499,
Teter,Sunday,11:00:00,17,-0.11917686,
Teter,Sunday,11:30:00,23,0.527128419,
Teter,Sunday,12:00:00,28,1.065716151,
Teter,Sunday,12:30:00,31,1.388868791,
Teter,Sunday,13:00:00,27,0.957998605,
Teter,Sunday,13:30:00,30,1.281151244,
Teter,Sunday,14:00:00,29,1.173433698,
Teter,Sunday,14:30:00,34,1.71202143,
Teter,Sunday,15:00:00,30,1.281151244,
Teter,Sunday,15:30:00,33,1.604303884,
Teter,Sunday,16:00:00,36,1.927456523,
Teter,Sunday,16:30:00,28,1.065716151,
Teter,Sunday,17:00:00,25,0.742563512,
Teter,Sunday,17:30:00,26,0.850281058,
Teter,Sunday,18:00:00,32,1.496586337,
Teter,Sunday,18:30:00,23,0.527128419,
Teter,Sunday,19:00:00,24,0.634845965,
Teter,Sunday,19:30:00,21,0.311693326,
Teter,Sunday,20:00:00,15,-0.334611953,
Teter,Sunday,20:30:00,19,0.096258233,
Teter,Sunday,21:00:00,23,0.527128419,
Teter,Sunday,21:30:00,24,0.634845965,
Teter,Sunday,22:00:00,21,0.311693326,
Teter,Sunday,22:30:00,22,0.419410873,
Teter,Sunday,23:00:00,21,0.311693326,
Teter,Sunday,23:30:00,18,-0.011459313,
Tulip Tree,Sunday,00:00:00,13,-0.131093582,
Tulip Tree,Sunday,00:30:00,10,-0.486558872,
Tulip Tree,Sunday,01:00:00,11,-0.368070442,
Tulip Tree,Sunday,01:30:00,8,-0.723535732,
Tulip Tree,Sunday,02:00:00,3,-1.315977882,
Tulip Tree,Sunday,02:30:00,2,-1.434466312,
Tulip Tree,Sunday,03:00:00,3,-1.315977882,
Tulip Tree,Sunday,03:30:00,3,-1.315977882,
Tulip Tree,Sunday,04:30:00,3,-1.315977882,
Tulip Tree,Sunday,05:00:00,2,-1.434466312,
Tulip Tree,Sunday,05:30:00,2,-1.434466312,
Tulip Tree,Sunday,06:00:00,2,-1.434466312,
Tulip Tree,Sunday,06:30:00,3,-1.315977882,
Tulip Tree,Sunday,07:00:00,4,-1.197489452,
Tulip Tree,Sunday,07:30:00,6,-0.960512592,
Tulip Tree,Sunday,08:00:00,5,-1.079001022,
Tulip Tree,Sunday,08:30:00,6,-0.960512592,
Tulip Tree,Sunday,09:00:00,7,-0.842024162,
Tulip Tree,Sunday,09:30:00,8,-0.723535732,
Tulip Tree,Sunday,10:00:00,15,0.105883278,
Tulip Tree,Sunday,10:30:00,17,0.342860138,
Tulip Tree,Sunday,11:00:00,25,1.290767577,
Tulip Tree,Sunday,11:30:00,15,0.105883278,
Tulip Tree,Sunday,12:00:00,11,-0.368070442,
Tulip Tree,Sunday,12:30:00,21,0.816813858,
Tulip Tree,Sunday,13:00:00,12,-0.249582012,
Tulip Tree,Sunday,13:30:00,14,-0.012605152,
Tulip Tree,Sunday,14:00:00,15,0.105883278,
Tulip Tree,Sunday,14:30:00,18,0.461348568,
Tulip Tree,Sunday,15:00:00,25,1.290767577,
Tulip Tree,Sunday,15:30:00,15,0.105883278,
Tulip Tree,Sunday,16:00:00,20,0.698325428,
Tulip Tree,Sunday,16:30:00,23,1.053790717,
Tulip Tree,Sunday,17:00:00,16,0.224371708,
Tulip Tree,Sunday,17:30:00,18,0.461348568,
Tulip Tree,Sunday,18:00:00,19,0.579836998,
Tulip Tree,Sunday,18:30:00,21,0.816813858,
Tulip Tree,Sunday,19:00:00,24,1.172279147,
Tulip Tree,Sunday,19:30:00,20,0.698325428,
Tulip Tree,Sunday,20:00:00,27,1.527744437,
Tulip Tree,Sunday,20:30:00,24,1.172279147,
Tulip Tree,Sunday,21:00:00,27,1.527744437,
Tulip Tree,Sunday,21:30:00,28,1.646232867,
Tulip Tree,Sunday,22:00:00,24,1.172279147,
Tulip Tree,Sunday,22:30:00,23,1.053790717,
Tulip Tree,Sunday,23:00:00,23,1.053790717,
Tulip Tree,Sunday,23:30:00,22,0.935302288,
University Apartments,Sunday,00:00:00,6,0.117476862,
University Apartments,Sunday,00:30:00,5,-0.16887299,
University Apartments,Sunday,01:00:00,1,-1.314272397,
University Apartments,Sunday,01:30:00,0,-1.600622249,
University Apartments,Sunday,02:00:00,1,-1.314272397,
University Apartments,Sunday,02:30:00,1,-1.314272397,
University Apartments,Sunday,03:00:00,1,-1.314272397,
University Apartments,Sunday,03:30:00,1,-1.314272397,
University Apartments,Sunday,04:30:00,0,-1.600622249,
University Apartments,Sunday,05:00:00,0,-1.600622249,
University Apartments,Sunday,05:30:00,0,-1.600622249,
University Apartments,Sunday,06:00:00,0,-1.600622249,
University Apartments,Sunday,06:30:00,0,-1.600622249,
University Apartments,Sunday,07:00:00,0,-1.600622249,
University Apartments,Sunday,07:30:00,0,-1.600622249,
University Apartments,Sunday,08:00:00,1,-1.314272397,
University Apartments,Sunday,08:30:00,1,-1.314272397,
University Apartments,Sunday,09:00:00,1,-1.314272397,
University Apartments,Sunday,09:30:00,3,-0.741572693,
University Apartments,Sunday,10:00:00,6,0.117476862,
University Apartments,Sunday,10:30:00,3,-0.741572693,
University Apartments,Sunday,11:00:00,4,-0.455222841,
University Apartments,Sunday,11:30:00,4,-0.455222841,
University Apartments,Sunday,12:00:00,6,0.117476862,
University Apartments,Sunday,12:30:00,8,0.690176566,
University Apartments,Sunday,13:00:00,13,2.121925826,
University Apartments,Sunday,13:30:00,11,1.549226122,
University Apartments,Sunday,14:00:00,9,0.976526418,
University Apartments,Sunday,14:30:00,12,1.835575974,
University Apartments,Sunday,15:00:00,9,0.976526418,
University Apartments,Sunday,15:30:00,11,1.549226122,
University Apartments,Sunday,16:00:00,10,1.26287627,
University Apartments,Sunday,16:30:00,9,0.976526418,
University Apartments,Sunday,17:00:00,8,0.690176566,
University Apartments,Sunday,17:30:00,6,0.117476862,
University Apartments,Sunday,18:00:00,7,0.403826714,
University Apartments,Sunday,18:30:00,6,0.117476862,
University Apartments,Sunday,19:00:00,6,0.117476862,
University Apartments,Sunday,19:30:00,5,-0.16887299,
University Apartments,Sunday,20:00:00,2,-1.027922545,
University Apartments,Sunday,20:30:00,2,-1.027922545,
University Apartments,Sunday,21:00:00,4,-0.455222841,
University Apartments,Sunday,21:30:00,5,-0.16887299,
University Apartments,Sunday,22:00:00,6,0.117476862,
University Apartments,Sunday,22:30:00,6,0.117476862,
University Apartments,Sunday,23:00:00,9,0.976526418,
University Apartments,Sunday,23:30:00,9,0.976526418,
Wells,Sunday,00:00:00,12,0.430184857,
Wells,Sunday,00:30:00,10,0.095991662,
Wells,Sunday,01:00:00,7,-0.40529813,
Wells,Sunday,01:30:00,6,-0.572394727,
Wells,Sunday,02:00:00,2,-1.240781117,
Wells,Sunday,02:30:00,2,-1.240781117,
Wells,Sunday,03:00:00,2,-1.240781117,
Wells,Sunday,03:30:00,2,-1.240781117,
Wells,Sunday,04:30:00,2,-1.240781117,
Wells,Sunday,05:00:00,2,-1.240781117,
Wells,Sunday,05:30:00,2,-1.240781117,
Wells,Sunday,06:00:00,2,-1.240781117,
Wells,Sunday,06:30:00,2,-1.240781117,
Wells,Sunday,07:00:00,2,-1.240781117,
Wells,Sunday,07:30:00,2,-1.240781117,
Wells,Sunday,08:00:00,2,-1.240781117,
Wells,Sunday,08:30:00,5,-0.739491325,
Wells,Sunday,09:00:00,4,-0.906587922,
Wells,Sunday,09:30:00,6,-0.572394727,
Wells,Sunday,10:00:00,6,-0.572394727,
Wells,Sunday,10:30:00,4,-0.906587922,
Wells,Sunday,11:00:00,6,-0.572394727,
Wells,Sunday,11:30:00,7,-0.40529813,
Wells,Sunday,12:00:00,8,-0.238201532,
Wells,Sunday,12:30:00,9,-0.071104935,
Wells,Sunday,13:00:00,9,-0.071104935,
Wells,Sunday,13:30:00,14,0.764378052,
Wells,Sunday,14:00:00,13,0.597281454,
Wells,Sunday,14:30:00,18,1.432764441,
Wells,Sunday,15:00:00,19,1.599861039,
Wells,Sunday,15:30:00,19,1.599861039,
Wells,Sunday,16:00:00,17,1.265667844,
Wells,Sunday,16:30:00,16,1.098571247,
Wells,Sunday,17:00:00,11,0.26308826,
Wells,Sunday,17:30:00,16,1.098571247,
Wells,Sunday,18:00:00,12,0.430184857,
Wells,Sunday,18:30:00,13,0.597281454,
Wells,Sunday,19:00:00,16,1.098571247,
Wells,Sunday,19:30:00,18,1.432764441,
Wells,Sunday,20:00:00,18,1.432764441,
Wells,Sunday,20:30:00,17,1.265667844,
Wells,Sunday,21:00:00,16,1.098571247,
Wells,Sunday,21:30:00,16,1.098571247,
Wells,Sunday,22:00:00,14,0.764378052,
Wells,Sunday,22:30:00,13,0.597281454,
Wells,Sunday,23:00:00,11,0.26308826,
Wells,Sunday,23:30:00,13,0.597281454,
Willkie,Sunday,00:00:00,19,-0.725044222,
Willkie,Sunday,00:30:00,17,-0.812871744,
Willkie,Sunday,01:00:00,15,-0.900699265,
Willkie,Sunday,01:30:00,14,-0.944613026,
Willkie,Sunday,02:00:00,12,-1.032440548,
Willkie,Sunday,02:30:00,11,-1.076354309,
Willkie,Sunday,03:00:00,10,-1.12026807,
Willkie,Sunday,03:30:00,10,-1.12026807,
Willkie,Sunday,04:30:00,10,-1.12026807,
Willkie,Sunday,05:00:00,10,-1.12026807,
Willkie,Sunday,05:30:00,10,-1.12026807,
Willkie,Sunday,06:00:00,10,-1.12026807,
Willkie,Sunday,06:30:00,10,-1.12026807,
Willkie,Sunday,07:00:00,10,-1.12026807,
Willkie,Sunday,07:30:00,10,-1.12026807,
Willkie,Sunday,08:00:00,11,-1.076354309,
Willkie,Sunday,08:30:00,10,-1.12026807,
Willkie,Sunday,09:00:00,11,-1.076354309,
Willkie,Sunday,09:30:00,15,-0.900699265,
Willkie,Sunday,10:00:00,16,-0.856785505,
Willkie,Sunday,10:30:00,26,-0.417647896,
Willkie,Sunday,11:00:00,28,-0.329820374,
Willkie,Sunday,11:30:00,26,-0.417647896,
Willkie,Sunday,12:00:00,38,0.109317235,
Willkie,Sunday,12:30:00,51,0.680196126,
Willkie,Sunday,13:00:00,53,0.768023648,
Willkie,Sunday,13:30:00,59,1.031506213,
Willkie,Sunday,14:00:00,63,1.207161256,
Willkie,Sunday,14:30:00,64,1.251075017,
Willkie,Sunday,15:00:00,69,1.470643821,
Willkie,Sunday,15:30:00,68,1.426730061,
Willkie,Sunday,16:00:00,62,1.163247495,
Willkie,Sunday,16:30:00,68,1.426730061,
Willkie,Sunday,17:00:00,65,1.294988778,
Willkie,Sunday,17:30:00,55,0.855851169,
Willkie,Sunday,18:00:00,64,1.251075017,
Willkie,Sunday,18:30:00,67,1.3828163,
Willkie,Sunday,19:00:00,61,1.119333734,
Willkie,Sunday,19:30:00,65,1.294988778,
Willkie,Sunday,20:00:00,54,0.811937408,
Willkie,Sunday,20:30:00,55,0.855851169,
Willkie,Sunday,21:00:00,46,0.460627321,
Willkie,Sunday,21:30:00,46,0.460627321,
Willkie,Sunday,22:00:00,50,0.636282365,
Willkie,Sunday,22:30:00,43,0.328886039,
Willkie,Sunday,23:00:00,39,0.153230995,
Willkie,Sunday,23:30:00,43,0.328886039,
Wright,Sunday,00:00:00,17,-0.951661517,
Wright,Sunday,00:30:00,17,-0.951661517,
Wright,Sunday,01:00:00,20,-0.82648962,
Wright,Sunday,01:30:00,18,-0.909937551,
Wright,Sunday,02:00:00,17,-0.951661517,
Wright,Sunday,02:30:00,20,-0.82648962,
Wright,Sunday,03:00:00,13,-1.11855738,
Wright,Sunday,03:30:00,12,-1.160281346,
Wright,Sunday,04:30:00,11,-1.202005312,
Wright,Sunday,05:00:00,11,-1.202005312,
Wright,Sunday,05:30:00,11,-1.202005312,
Wright,Sunday,06:00:00,11,-1.202005312,
Wright,Sunday,06:30:00,11,-1.202005312,
Wright,Sunday,07:00:00,11,-1.202005312,
Wright,Sunday,07:30:00,11,-1.202005312,
Wright,Sunday,08:00:00,11,-1.202005312,
Wright,Sunday,08:30:00,13,-1.11855738,
Wright,Sunday,09:00:00,12,-1.160281346,
Wright,Sunday,09:30:00,19,-0.868213585,
Wright,Sunday,10:00:00,23,-0.701317722,
Wright,Sunday,10:30:00,38,-0.075458236,
Wright,Sunday,11:00:00,45,0.216609524,
Wright,Sunday,11:30:00,44,0.174885559,
Wright,Sunday,12:00:00,50,0.425229353,
Wright,Sunday,12:30:00,51,0.466953319,
Wright,Sunday,13:00:00,59,0.800745045,
Wright,Sunday,13:30:00,74,1.426604532,
Wright,Sunday,14:00:00,75,1.468328497,
Wright,Sunday,14:30:00,76,1.510052463,
Wright,Sunday,15:00:00,79,1.63522436,
Wright,Sunday,15:30:00,71,1.301432634,
Wright,Sunday,16:00:00,74,1.426604532,
Wright,Sunday,16:30:00,67,1.134536771,
Wright,Sunday,17:00:00,70,1.259708668,
Wright,Sunday,17:30:00,57,0.717297114,
Wright,Sunday,18:00:00,66,1.092812805,
Wright,Sunday,18:30:00,59,0.800745045,
Wright,Sunday,19:00:00,64,1.009364874,
Wright,Sunday,19:30:00,61,0.884192977,
Wright,Sunday,20:00:00,58,0.759021079,
Wright,Sunday,20:30:00,58,0.759021079,
Wright,Sunday,21:00:00,54,0.592125216,
Wright,Sunday,21:30:00,52,0.508677285,
Wright,Sunday,22:00:00,48,0.341781422,
Wright,Sunday,22:30:00,46,0.25833349,
Wright,Sunday,23:00:00,48,0.341781422,
Wright,Sunday,23:30:00,38,-0.075458236,
